,Corr,Freq
0,0.4784632409004219,raw
1,0.48275936075596343,delta
2,0.5199544948312003,theta
3,0.5008822095569756,alpha
4,0.4995183946486709,beta
5,0.4105877077920537,lgamma
6,0.380834589911507,hgamma
7,0.6226549581707248,broadband
