,Corr,Freq
0,0.5513495883704269,raw
1,0.5724541389313026,delta
2,0.6073118001882106,theta
3,0.5842789132147088,alpha
4,0.5727364989264829,beta
5,0.4748012928412527,lgamma
6,0.44777397337682096,hgamma
7,0.6886334439229191,broadband
