,Corr,Freq
0,0.5227758490512966,raw
1,0.5823808371698544,delta
2,0.5962537883669469,theta
3,0.602906044919882,alpha
4,0.584634987839798,beta
5,0.4993690885165726,lgamma
6,0.46592011745561734,hgamma
7,0.6419681338364622,broadband
