,Corr,Freq
0,0.5823808371698544,delta
1,0.5962537883669469,theta
2,0.602906044919882,alpha
3,0.584634987839798,beta
4,0.4993690885165726,lgamma
5,0.46592011745561734,hgamma
