,Corr,Freq
0,0.5505861073668195,delta
1,0.5643989036873776,theta
2,0.5820327501223139,alpha
3,0.5530604022732042,beta
4,0.45344195814816746,lgamma
5,0.4163039259547493,hgamma
