,Corr,Freq
0,0.6071552144278061,delta
1,0.6236053004599159,theta
2,0.6337947697727413,alpha
3,0.60502162464075,beta
4,0.5078697979924209,lgamma
5,0.4772866995533366,hgamma
